name,email,teamRole
Auria Hurn,ahurn0@eepurl.com,QA
Amble Nicholls,anicholls1@sciencedaily.com,DEV OPS
Constanta Shildrake,cshildrake2@marriott.com,QA
Tyler Nassau,tnassau3@deviantart.com,QA
Dante Simchenko,dsimchenko4@theguardian.com,DEV OPS
Locke Gundry,lgundry5@topsy.com,DEV
Yardley Voss,yvoss6@walmart.com,QA
Dennet McMillian,dmcmillian7@theguardian.com,DEV OPS
Almire Theobalds,atheobalds8@jugem.jp,DEV
Roth Shellum,rshellum9@reddit.com,DEV OPS
Thorsten Yankin,tyankina@squidoo.com,DEV
Gabbi Nadin,gnadinb@edublogs.org,DEV OPS
Lanni Hulstrom,lhulstromc@themeforest.net,DEV OPS
Saleem Dimont,sdimontd@simplemachines.org,QA
Loralyn Marco,lmarcoe@ibm.com,DEV
Siward Rymmer,srymmerf@dedecms.com,DEV OPS
Rycca Tupp,rtuppg@360.cn,DEV
Barton Meiklem,bmeiklemh@nydailynews.com,DEV OPS
Robyn Gartshore,rgartshorei@dailymail.co.uk,DEV OPS
Amberly Rookledge,arookledgej@tinypic.com,DEV OPS
Isador Trevino,itrevinok@mail.ru,DEV
Clio Cordel,ccordell@webnode.com,DEV OPS
Jud Fancett,jfancettm@unicef.org,QA
Brina Astbury,bastburyn@amazonaws.com,DEV
Phyllis Beel,pbeelo@acquirethisname.com,QA
Bili Golden,bgoldenp@opera.com,DEV OPS
Abby Herety,aheretyq@marriott.com,DEV
Gilburt Yea,gyear@rambler.ru,DEV
Shea Mayhead,smayheads@360.cn,DEV
Paulette Bennetto,pbennettot@dagondesign.com,DEV
Budd Traite,btraiteu@lulu.com,QA
Odilia Upston,oupstonv@berkeley.edu,DEV
Rosanne Barten,rbartenw@aol.com,QA
Nickola Feary,nfearyx@i2i.jp,DEV OPS
Amelita Groveham,agrovehamy@edublogs.org,DEV
Agathe Samsworth,asamsworthz@cbslocal.com,QA
Kaleb Purcell,kpurcell10@nsw.gov.au,QA
Bell Philippon,bphilippon11@hao123.com,DEV
Leela Cicconettii,lcicconettii12@ask.com,DEV OPS
Myron McGoogan,mmcgoogan13@ezinearticles.com,DEV
Dorena Byfield,dbyfield14@weather.com,DEV
Gus Foro,gforo15@mail.ru,DEV
Florinda Sagg,fsagg16@over-blog.com,DEV OPS
Flory Tedorenko,ftedorenko17@soup.io,DEV OPS
Evey Marques,emarques18@skype.com,QA
Camella Ashe,cashe19@ask.com,DEV OPS
Angelico Rentelll,arentelll1a@berkeley.edu,QA
Ninette Buckenham,nbuckenham1b@techcrunch.com,DEV OPS
Colleen Dowears,cdowears1c@utexas.edu,DEV
Noak Woodrow,nwoodrow1d@google.nl,QA
Tamiko Trainor,ttrainor1e@tripod.com,DEV
Angie Dunleavy,adunleavy1f@squidoo.com,DEV OPS
Lewiss Winley,lwinley1g@bluehost.com,DEV OPS
Brandi Marrion,bmarrion1h@cnbc.com,QA
Julio Pay,jpay1i@topsy.com,DEV
Land Denness,ldenness1j@nasa.gov,QA
Eddie Ellick,eellick1k@ft.com,DEV
Corette Brooksbank,cbrooksbank1l@slideshare.net,DEV OPS
Justin Ashlee,jashlee1m@nasa.gov,DEV OPS
Aleda Gye,agye1n@reverbnation.com,DEV
Patrizius Durbann,pdurbann1o@a8.net,QA
Roderick Verbeek,rverbeek1p@thetimes.co.uk,DEV OPS
Jess Gumm,jgumm1q@pen.io,DEV OPS
Charis Casperri,ccasperri1r@yellowpages.com,DEV OPS
Blanca Eke,beke1s@miitbeian.gov.cn,QA
Deny Van der Kruys,dvan1t@tuttocitta.it,QA
Cheston Bosher,cbosher1u@un.org,DEV
Flemming Worsley,fworsley1v@tumblr.com,DEV OPS
Robbert Garatty,rgaratty1w@tamu.edu,DEV
Ivar McCutcheon,imccutcheon1x@tamu.edu,DEV OPS
Daron Shewsmith,dshewsmith1y@photobucket.com,DEV OPS
Micah Bonaire,mbonaire1z@mediafire.com,DEV OPS
Winn Kiellor,wkiellor20@walmart.com,QA
Barbra Harfleet,bharfleet21@xing.com,QA
Bartlett Huxtable,bhuxtable22@irs.gov,DEV OPS
Christa Pyffe,cpyffe23@desdev.cn,QA
Shirleen Aslie,saslie24@infoseek.co.jp,DEV OPS
Delmor Laba,dlaba25@printfriendly.com,QA
Brandtr Wytchard,bwytchard26@twitter.com,QA
Aurilia Durek,adurek27@cisco.com,DEV OPS
Wildon Kubal,wkubal28@thetimes.co.uk,QA
Clemens Munkley,cmunkley29@tripadvisor.com,QA
Erinna Giraudou,egiraudou2a@ft.com,DEV OPS
Floria Newtown,fnewtown2b@vk.com,DEV
Erskine Garci,egarci2c@huffingtonpost.com,QA
Nissie Izhakov,nizhakov2d@ca.gov,DEV OPS
Clarette Allsop,callsop2e@mtv.com,QA
Bride Gouny,bgouny2f@4shared.com,QA
Annnora Aldins,aaldins2g@seattletimes.com,DEV OPS
Durante Dyet,ddyet2h@dmoz.org,DEV
Kristian Sheard,ksheard2i@reuters.com,DEV OPS
Ramona Cawsey,rcawsey2j@usda.gov,QA
Earvin Lidgertwood,elidgertwood2k@hexun.com,QA
Glen Gergolet,ggergolet2l@npr.org,QA
Raeann Bugdell,rbugdell2m@cam.ac.uk,DEV
Emlyn Peschke,epeschke2n@xrea.com,DEV OPS
Sara-ann Clementucci,sclementucci2o@soundcloud.com,QA
Fionna Durkin,fdurkin2p@phoca.cz,DEV
Jami Pidwell,jpidwell2q@wordpress.com,QA
Vivian Hurst,vhurst2r@wikia.com,DEV OPS
